SCOTT> select ename, empno from Emps where ( deptno = 10 ) and not mgr isnull ;
select ename, empno from Emps where ( deptno = 10 ) and not mgr isnull 
                                                                *
ERROR at line 1:
ORA-00920: invalid relational operator 


SCOTT> select ename, empno from Emps where ( deptno = 10 ) and not mgr is null ;

ENAME           EMPNO                                                                                                        
---------- ----------                                                                                                        
CLARK            7782                                                                                                        
MILLER           7934                                                                                                        

SCOTT> select ename, deptno, job from Emps order by jbo, sal desc ;
select ename, deptno, job from Emps order by jbo, sal desc 
                                             *
ERROR at line 1:
ORA-00904: "JBO": invalid identifier 


SCOTT> select ename, deptno, job from Emps order by job, sal desc ;

ENAME          DEPTNO JOB                                                                                                    
---------- ---------- ---------                                                                                              
FORD               20 ANALYST                                                                                                
SCOTT              20 ANALYST                                                                                                
MILLER             10 CLERK                                                                                                  
ADAMS              20 CLERK                                                                                                  
JAMES              30 CLERK                                                                                                  
SMITH              20 CLERK                                                                                                  
JONES              20 DEPTMGR                                                                                                
BLAKE              30 DEPTMGR                                                                                                
CLARK              10 DEPTMGR                                                                                                
KING               10 PRESIDENT                                                                                              
ALLEN              30 SALESMAN                                                                                               
TURNER             30 SALESMAN                                                                                               
MARTIN             30 SALESMAN                                                                                               
WARD               30 SALESMAN                                                                                               

14 rows selected.

SCOTT> 
SCOTT> 
SCOTT> 
SCOTT> -- hw1 2/a
SCOTT> select ename, empno from Emps where ( deptno = 10 ) and not mgr is null ;

ENAME           EMPNO                                                                                                        
---------- ----------                                                                                                        
CLARK            7782                                                                                                        
MILLER           7934                                                                                                        

SCOTT> 
SCOTT> -- hw1 2b
SCOTT> select ename, deptno, job from Emps order by job, sal desc ;

ENAME          DEPTNO JOB                                                                                                    
---------- ---------- ---------                                                                                              
FORD               20 ANALYST                                                                                                
SCOTT              20 ANALYST                                                                                                
MILLER             10 CLERK                                                                                                  
ADAMS              20 CLERK                                                                                                  
JAMES              30 CLERK                                                                                                  
SMITH              20 CLERK                                                                                                  
JONES              20 DEPTMGR                                                                                                
BLAKE              30 DEPTMGR                                                                                                
CLARK              10 DEPTMGR                                                                                                
KING               10 PRESIDENT                                                                                              
ALLEN              30 SALESMAN                                                                                               
TURNER             30 SALESMAN                                                                                               
MARTIN             30 SALESMAN                                                                                               
WARD               30 SALESMAN                                                                                               

14 rows selected.

SCOTT> 
SCOTT> select ename, status, sal from
  2  ( select ename, case
  3      when hiredate < '15-MAR-81' then 'OLDTIMER'
  4      when hiredate < '15-MAR-87' then 'PLUGGER'
  5      else 'NEWBIE'
  6      as status, sal from Emps )
  7    order by status, ename ;
    as status, sal from Emps )
    *
ERROR at line 6:
ORA-00905: missing keyword 


SCOTT> select ename, status, sal from
  2  ( select ename, case
  3      when hiredate < '15-MAR-81' then 'OLDTIMER'
  4      when hiredate < '15-MAR-87' then 'PLUGGER'
  5      else 'NEWBIE'
  6      end as status, sal from Emps )
  7    order by status, ename ;

ENAME      STATUS          SAL                                                                                               
---------- -------- ----------                                                                                               
ADAMS      NEWBIE         1100                                                                                               
SCOTT      NEWBIE         3000                                                                                               
ALLEN      OLDTIMER       1600                                                                                               
SMITH      OLDTIMER        800                                                                                               
WARD       OLDTIMER       1250                                                                                               
BLAKE      PLUGGER        2850                                                                                               
CLARK      PLUGGER        2450                                                                                               
FORD       PLUGGER        3000                                                                                               
JAMES      PLUGGER         950                                                                                               
JONES      PLUGGER        2975                                                                                               
KING       PLUGGER        5000                                                                                               
MARTIN     PLUGGER        1250                                                                                               
MILLER     PLUGGER        1300                                                                                               
TURNER     PLUGGER        1500                                                                                               

14 rows selected.

SCOTT> 
SCOTT> 
SCOTT> -- hw1 2c
SCOTT> select ename, status, sal from
  2  ( select ename, case
  3      when hiredate < '15-MAR-81' then 'OLDTIMER'
  4      when hiredate < '15-MAR-87' then 'PLUGGER'
  5      else 'NEWBIE'
  6      end as status, sal from Emps )
  7    order by status, ename ;

ENAME      STATUS          SAL                                                                                               
---------- -------- ----------                                                                                               
ADAMS      NEWBIE         1100                                                                                               
SCOTT      NEWBIE         3000                                                                                               
ALLEN      OLDTIMER       1600                                                                                               
SMITH      OLDTIMER        800                                                                                               
WARD       OLDTIMER       1250                                                                                               
BLAKE      PLUGGER        2850                                                                                               
CLARK      PLUGGER        2450                                                                                               
FORD       PLUGGER        3000                                                                                               
JAMES      PLUGGER         950                                                                                               
JONES      PLUGGER        2975                                                                                               
KING       PLUGGER        5000                                                                                               
MARTIN     PLUGGER        1250                                                                                               
MILLER     PLUGGER        1300                                                                                               
TURNER     PLUGGER        1500                                                                                               

14 rows selected.

SCOTT> 
SCOTT> select ename, sal, comm, sal + nvl(comm, 0) as compensation from Emps where job I= 'ANALYST' ;
select ename, sal, comm, sal + nvl(comm, 0) as compensation from Emps where job I= 'ANALYST' 
                                                                                *
ERROR at line 1:
ORA-00920: invalid relational operator 


SCOTT> select ename, sal, comm, sal + nvl(comm, 0) as compensation from Emps where job != 'ANALYST' ;

ENAME             SAL       COMM COMPENSATION                                                                                
---------- ---------- ---------- ------------                                                                                
SMITH             800                     800                                                                                
ALLEN            1600        300         1900                                                                                
WARD             1250        500         1750                                                                                
JONES            2975                    2975                                                                                
MARTIN           1250       1400         2650                                                                                
BLAKE            2850                    2850                                                                                
CLARK            2450                    2450                                                                                
KING             5000                    5000                                                                                
TURNER           1500          0         1500                                                                                
ADAMS            1100                    1100                                                                                
JAMES             950                     950                                                                                
MILLER           1300                    1300                                                                                

12 rows selected.

SCOTT> 
SCOTT> -- hw1-2d
SCOTT> select ename, sal, comm, sal + nvl(comm, 0) as compensation from Emps where job != 'ANALYST' ;

ENAME             SAL       COMM COMPENSATION                                                                                
---------- ---------- ---------- ------------                                                                                
SMITH             800                     800                                                                                
ALLEN            1600        300         1900                                                                                
WARD             1250        500         1750                                                                                
JONES            2975                    2975                                                                                
MARTIN           1250       1400         2650                                                                                
BLAKE            2850                    2850                                                                                
CLARK            2450                    2450                                                                                
KING             5000                    5000                                                                                
TURNER           1500          0         1500                                                                                
ADAMS            1100                    1100                                                                                
JAMES             950                     950                                                                                
MILLER           1300                    1300                                                                                

12 rows selected.

SCOTT> 
SCOTT> insert into Projects( pno, pname, pmgr ) select 60006 + empno, 'Anylysis by ' || ename, empno from Emps where job = 'ANALYST' ;

2 rows created.

Commit complete.
SCOTT> 
SCOTT> select * from Projects
  2  ;

       PNO PNAME                                PMGR    PERSONS     BUDGET PSTART    PEND                                    
---------- ------------------------------ ---------- ---------- ---------- --------- ---------                               
     60492 Running Amuck                        7698          1                                                              
     97566 Run Dept 20                          7566          1     130000 01-JAN-02                                         
     97698 Run Dept 30                          7698          1     130000 01-JAN-02                                         
     97782 Run Dept 10                          7782          1     130000 01-JAN-02                                         
     60498 Lifting Off                          7698          2     420000 01-JAN-05                                         
     67794 Anylysis by SCOTT                    7788          1                                                              
     67908 Anylysis by FORD                     7902          1                                                              

7 rows selected.

SCOTT> 
SCOTT> update Projects set pmgr = 7788 where pno between 60000 and 60999 ;

2 rows updated.

Commit complete.
SCOTT> select * from Projects ;

       PNO PNAME                                PMGR    PERSONS     BUDGET PSTART    PEND                                    
---------- ------------------------------ ---------- ---------- ---------- --------- ---------                               
     60492 Running Amuck                        7788          1                                                              
     97566 Run Dept 20                          7566          1     130000 01-JAN-02                                         
     97698 Run Dept 30                          7698          1     130000 01-JAN-02                                         
     97782 Run Dept 10                          7782          1     130000 01-JAN-02                                         
     60498 Lifting Off                          7788          2     420000 01-JAN-05                                         
     67794 Anylysis by SCOTT                    7788          1                                                              
     67908 Anylysis by FORD                     7902          1                                                              

7 rows selected.

SCOTT> spool off
